web_scraper_order,web_scraper_start_url,Nom,Prix,Adresse,Image_lien
"1767366924-1","https://sn.coinafrique.com/categorie/autres-animaux?page=4","Cheval","450 000CFA","Thies, Sénégal","https://images.coinafrique.com/thumb_4029054_uploaded_image1_1672496527.jpg"
"1767366924-2","https://sn.coinafrique.com/categorie/autres-animaux?page=4","Jument","550 000CFA","Thies, Sénégal","https://images.coinafrique.com/thumb_4029052_uploaded_image1_1672496436.jpg"
"1767366924-3","https://sn.coinafrique.com/categorie/autres-animaux?page=4","Vache","475CFA","Niaga, Sénégal","https://images.coinafrique.com/thumb_4015081_uploaded_image1_1671456683.jpg"
"1767366924-4","https://sn.coinafrique.com/categorie/autres-animaux?page=4","Perroquets Roseicollis","50 000CFA","Point E, Dakar, Sénégal","https://images.coinafrique.com/thumb_4006084_uploaded_image1_1670879833.jpg"
"1767366924-5","https://sn.coinafrique.com/categorie/autres-animaux?page=4","Chaton Persan","400 000CFA","Fann, Dakar, Sénégal","https://images.coinafrique.com/thumb_4004300_uploaded_image1_1670782309.jpg"
"1767366924-6","https://sn.coinafrique.com/categorie/autres-animaux?page=4","Chat persan hymalayen","350 000CFA","Ngor, Dakar, Sénégal","https://images.coinafrique.com/thumb_4002094_uploaded_image1_1670612752.jpg"
"1767366924-7","https://sn.coinafrique.com/categorie/autres-animaux?page=4","Bœufs","600 000CFA","Bambey, Sénégal","https://images.coinafrique.com/thumb_4001249_uploaded_image1_1670577657.jpg"
"1767366924-8","https://sn.coinafrique.com/categorie/autres-animaux?page=4","Bœufs","600 000CFA","Bambey, Sénégal","https://images.coinafrique.com/thumb_3991901_uploaded_image1_1670076562.jpg"
"1767366924-9","https://sn.coinafrique.com/categorie/autres-animaux?page=4","Chèvre","50 000CFA","Dakar, Sénégal","https://images.coinafrique.com/thumb_3985611_uploaded_image1_1669761997.jpg"
"1767366924-10","https://sn.coinafrique.com/categorie/autres-animaux?page=4","Perruches ondulées","12 000CFA","Guediawaye, Dakar, Sénégal","https://images.coinafrique.com/thumb_3968286_uploaded_image1_1668632770.jpg"
"1767366924-11","https://sn.coinafrique.com/categorie/autres-animaux?page=4","Paon","450 000CFA","Touba, Sénégal","https://images.coinafrique.com/thumb_3956247_uploaded_image2_1667916424.jpeg"
"1767366924-12","https://sn.coinafrique.com/categorie/autres-animaux?page=4","Dinde","35 000CFA","Touba, Sénégal","https://images.coinafrique.com/thumb_3956243_uploaded_image1_1667916312.jpg"
"1767366924-13","https://sn.coinafrique.com/categorie/autres-animaux?page=4","Poissons aquarium","7 500CFA","Dakar Plateau, Dakar, Sénégal","https://images.coinafrique.com/thumb_3922652_uploaded_image1_1665918281.jpg"
"1767366924-14","https://sn.coinafrique.com/categorie/autres-animaux?page=4","Anes","500 000CFA","Mbour, Sénégal","https://images.coinafrique.com/thumb_3916725_uploaded_image1_1665569939.jpg"
"1767366924-15","https://sn.coinafrique.com/categorie/autres-animaux?page=4","Bœuf","700 000CFA","Mbour, Sénégal","https://images.coinafrique.com/thumb_3916720_uploaded_image1_1665569801.jpg"
"1767366924-16","https://sn.coinafrique.com/categorie/autres-animaux?page=4","Paons bleus","400 000CFA","Mbour, Sénégal","https://images.coinafrique.com/thumb_3916692_uploaded_image1_1665568760.jpg"
"1767366924-17","https://sn.coinafrique.com/categorie/autres-animaux?page=4","Chaton Scottish Fold","Prix sur demande","Fann-Point E-Amitié, Dakar, Sénégal","https://images.coinafrique.com/thumb_3915043_uploaded_image1_1665477189.jpg"
"1767366924-18","https://sn.coinafrique.com/categorie/autres-animaux?page=4","Cailles","2 500CFA","Ziguinchor, Sénégal","https://images.coinafrique.com/thumb_3905361_uploaded_image1_1664880986.jpg"
"1767366924-19","https://sn.coinafrique.com/categorie/autres-animaux?page=4","Paon","50 000CFA","Yoff, Dakar, Sénégal","https://images.coinafrique.com/thumb_3901686_uploaded_image1_1664658095.jpg"
"1767366924-20","https://sn.coinafrique.com/categorie/autres-animaux?page=4","Œufs","9 000CFA","Keur Massar, Sénégal","https://images.coinafrique.com/thumb_3862604_uploaded_image1_1662310160.jpg"
"1767366924-21","https://sn.coinafrique.com/categorie/autres-animaux?page=4","Cobaye mâle","16 000CFA","Thies, Sénégal","https://images.coinafrique.com/thumb_3868453_uploaded_image1_1662603701.jpg"
"1767366924-22","https://sn.coinafrique.com/categorie/autres-animaux?page=4","Vache","65 000CFA","Biscuiterie, Dakar, Sénégal","https://images.coinafrique.com/thumb_3850590_uploaded_image1_1661716395.jpg"
"1767366924-23","https://sn.coinafrique.com/categorie/autres-animaux?page=4","Bœuf","Prix sur demande","Niaga, Sénégal","https://images.coinafrique.com/thumb_3819174_uploaded_image1_1659877769.jpg"
"1767366924-24","https://sn.coinafrique.com/categorie/autres-animaux?page=4","Bœuf","750 000CFA","Niaga, Sénégal","https://images.coinafrique.com/thumb_3817866_uploaded_image1_1659784836.jpg"
"1767366924-25","https://sn.coinafrique.com/categorie/autres-animaux?page=4","Hamster dorée","15 000CFA","Sacré-Coeur, Dakar, Sénégal","https://images.coinafrique.com/thumb_3814562_uploaded_image1_1659613355.jpg"
"1767366924-26","https://sn.coinafrique.com/categorie/autres-animaux?page=4","Vache","1 000 000CFA","Bambey, Sénégal","https://images.coinafrique.com/thumb_3804681_uploaded_image1_1659094431.jpg"
"1767366924-27","https://sn.coinafrique.com/categorie/autres-animaux?page=4","Peruche ondulée","10 000CFA","Dakar Plateau, Dakar, Sénégal","https://images.coinafrique.com/thumb_3803986_uploaded_image1_1659036881.jpg"
"1767366924-28","https://sn.coinafrique.com/categorie/autres-animaux?page=4","Vache","Prix sur demande","Niaga, Sénégal","https://images.coinafrique.com/thumb_3798116_uploaded_image1_1658707333.jpg"
"1767366924-29","https://sn.coinafrique.com/categorie/autres-animaux?page=4","Cailles","Prix sur demande","Keur Massar, Sénégal","https://images.coinafrique.com/thumb_3797181_uploaded_image1_1658618385.jpg"
"1767366924-30","https://sn.coinafrique.com/categorie/autres-animaux?page=4","Veau","300 000CFA","Biscuiterie, Dakar, Sénégal","https://images.coinafrique.com/thumb_3784229_uploaded_image1_1657796861.jpg"
"1767366924-31","https://sn.coinafrique.com/categorie/autres-animaux?page=4","Hamster","15 000CFA","Sacré-Coeur, Dakar, Sénégal","https://images.coinafrique.com/thumb_3780966_uploaded_image1_1657566627.jpg"
"1767366924-32","https://sn.coinafrique.com/categorie/autres-animaux?page=4","Couple Hamster","45 000CFA","Dakar, Sénégal","https://images.coinafrique.com/thumb_3779809_uploaded_image1_1657474571.jpg"
"1767366924-33","https://sn.coinafrique.com/categorie/autres-animaux?page=4","Veaux","200 000CFA","Diamniadio, Sénégal","https://images.coinafrique.com/thumb_3775233_uploaded_image1_1657130525.jpg"
"1767366924-34","https://sn.coinafrique.com/categorie/autres-animaux?page=4","Oiseaux exotiques","Prix sur demande","Dakar, Sénégal","https://images.coinafrique.com/thumb_3773129_uploaded_image1_1657027947.jpg"
"1767366924-35","https://sn.coinafrique.com/categorie/autres-animaux?page=4","Paire Oie","130 000CFA","Guediawaye, Dakar, Sénégal","https://images.coinafrique.com/thumb_3763969_uploaded_image1_1656542478.jpg"
"1767366924-36","https://sn.coinafrique.com/categorie/autres-animaux?page=4","Canard","Prix sur demande","Diamniadio, Sénégal","https://images.coinafrique.com/thumb_3761752_uploaded_image1_1656414791.jpg"
"1767366924-37","https://sn.coinafrique.com/categorie/autres-animaux?page=4","Sacs de foin - Ngogne","5 000CFA","Saint Louis, Sénégal","https://images.coinafrique.com/thumb_3747916_uploaded_image1_1655548507.jpg"
"1767366924-38","https://sn.coinafrique.com/categorie/autres-animaux?page=4","Couple cochons d'inde","25 000CFA","Sacré-Coeur, Dakar, Sénégal","https://images.coinafrique.com/thumb_3738425_uploaded_image1_1655026461.jpg"
"1767366924-39","https://sn.coinafrique.com/categorie/autres-animaux?page=4","Vache","Prix sur demande","Niaga, Sénégal","https://images.coinafrique.com/thumb_3734952_uploaded_image1_1654795966.jpg"
"1767366924-40","https://sn.coinafrique.com/categorie/autres-animaux?page=4","Oie","65 000CFA","Niaga, Sénégal","https://images.coinafrique.com/thumb_3719072_uploaded_image1_1654007070.jpg"
"1767366924-41","https://sn.coinafrique.com/categorie/autres-animaux?page=4","Perruches ondulées","12 000CFA","Guediawaye, Dakar, Sénégal","https://images.coinafrique.com/thumb_3693176_uploaded_image1_1652374886.jpg"
"1767366924-42","https://sn.coinafrique.com/categorie/autres-animaux?page=4","Boeuf","Prix sur demande","Niaga, Sénégal","https://images.coinafrique.com/thumb_3691179_uploaded_image1_1652274956.jpg"
"1767366924-43","https://sn.coinafrique.com/categorie/autres-animaux?page=4","Hamster","15 000CFA","Mbao, Dakar, Sénégal","https://images.coinafrique.com/thumb_3689324_uploaded_image1_1652181532.jpg"
"1767366924-44","https://sn.coinafrique.com/categorie/autres-animaux?page=4","Paire colverts de Rouen","15 000CFA","Mboro, Sénégal","https://images.coinafrique.com/thumb_3686752_uploaded_image1_1652029317.jpg"
"1767366924-45","https://sn.coinafrique.com/categorie/autres-animaux?page=4","Chaton Angora","160 000CFA","Fann, Dakar, Sénégal","https://images.coinafrique.com/thumb_3681874_uploaded_image1_1651750026.jpg"
"1767366924-46","https://sn.coinafrique.com/categorie/autres-animaux?page=4","Caille","2 000CFA","Sicap foire, Dakar, Sénégal","https://images.coinafrique.com/thumb_3679001_uploaded_image1_1651592167.jpg"
"1767366924-47","https://sn.coinafrique.com/categorie/autres-animaux?page=4","Perroquet grand Haras","Prix sur demande","Yoff, Dakar, Sénégal","https://images.coinafrique.com/thumb_3672216_uploaded_image2_1651097217.jpeg"
"1767366924-48","https://sn.coinafrique.com/categorie/autres-animaux?page=4","Chaton siamois","375 000CFA","Fann, Dakar, Sénégal","https://images.coinafrique.com/thumb_3671821_uploaded_image1_1651072649.jpg"
"1767366924-49","https://sn.coinafrique.com/categorie/autres-animaux?page=4","Boeufs","900 000CFA","Niaga, Sénégal","https://images.coinafrique.com/thumb_3651241_uploaded_image1_1649808275.jpg"
"1767366924-50","https://sn.coinafrique.com/categorie/autres-animaux?page=4","Oie géant","450 000CFA","Mbour, Sénégal","https://images.coinafrique.com/thumb_3646953_uploaded_image1_1649560934.jpg"
"1767366924-51","https://sn.coinafrique.com/categorie/autres-animaux?page=4","Boeuf","Prix sur demande","Niaga, Sénégal","https://images.coinafrique.com/thumb_3645463_uploaded_image1_1649458129.jpg"
"1767366924-52","https://sn.coinafrique.com/categorie/autres-animaux?page=4","Boeuf","Prix sur demande","Niaga, Sénégal","https://images.coinafrique.com/thumb_3645462_uploaded_image1_1649458078.jpg"
"1767366924-53","https://sn.coinafrique.com/categorie/autres-animaux?page=4","Chaton Angora","130 000CFA","Fann, Dakar, Sénégal","https://images.coinafrique.com/thumb_3634435_uploaded_image1_1648913898.jpg"
"1767366924-54","https://sn.coinafrique.com/categorie/autres-animaux?page=4","Hamster","15 000CFA","Mbao, Dakar, Sénégal","https://images.coinafrique.com/thumb_3615764_uploaded_image1_1647715657.jpg"
"1767366924-55","https://sn.coinafrique.com/categorie/autres-animaux?page=4","Cochons","15 000CFA","Mbour, Sénégal","https://images.coinafrique.com/thumb_3614166_uploaded_image1_1647608880.jpg"
"1767366924-56","https://sn.coinafrique.com/categorie/autres-animaux?page=4","Taurillon laitier","1 000 000CFA","Sicap Liberté, Dakar, Sénégal","https://images.coinafrique.com/thumb_3613432_uploaded_image1_1647552342.jpg"
"1767366924-57","https://sn.coinafrique.com/categorie/autres-animaux?page=4","Chatons","400 000CFA","Fann, Dakar, Sénégal","https://images.coinafrique.com/thumb_3613416_uploaded_image1_1647551529.jpg"
"1767366924-58","https://sn.coinafrique.com/categorie/autres-animaux?page=4","Caille","8 000CFA","Kaolack, Sénégal","https://images.coinafrique.com/thumb_3607957_uploaded_image1_1647266236.jpg"
"1767366924-59","https://sn.coinafrique.com/categorie/autres-animaux?page=4","Poussin caille","500CFA","Parcelle Assainies, Dakar, Sénégal","https://images.coinafrique.com/thumb_3576048_uploaded_image1_1645409801.jpg"
"1767366924-60","https://sn.coinafrique.com/categorie/autres-animaux?page=4","Dinde mâle","20 000CFA","Dakar, Sénégal","https://images.coinafrique.com/thumb_3575899_uploaded_image1_1645394898.jpg"
"1767366924-61","https://sn.coinafrique.com/categorie/autres-animaux?page=4","Poussins  d’oies","35 000CFA","Dakar, Sénégal","https://images.coinafrique.com/thumb_3569402_uploaded_image1_1644969388.jpg"
"1767366924-62","https://sn.coinafrique.com/categorie/autres-animaux?page=4","Cheval","500 000CFA","Saint Louis, Sénégal","https://images.coinafrique.com/thumb_3569117_uploaded_image1_1644951974.jpg"
"1767366924-63","https://sn.coinafrique.com/categorie/autres-animaux?page=4","Bœufs","900 000CFA","Bambey, Sénégal","https://images.coinafrique.com/thumb_3544114_uploaded_image1_1643467299.jpg"
"1767366924-64","https://sn.coinafrique.com/categorie/autres-animaux?page=4","Jeune cheval","Prix sur demande","Dakar, Sénégal","https://images.coinafrique.com/thumb_3526170_uploaded_image1_1642274663.jpg"
"1767366924-65","https://sn.coinafrique.com/categorie/autres-animaux?page=4","Hamsters","15 000CFA","Mbao, Dakar, Sénégal","https://images.coinafrique.com/thumb_3525591_uploaded_image1_1642246209.jpg"
"1767366924-66","https://sn.coinafrique.com/categorie/autres-animaux?page=4","Bouc Espagnol","150 000CFA","Louga, Sénégal","https://images.coinafrique.com/thumb_3523752_uploaded_image1_1642113362.jpg"
"1767366924-67","https://sn.coinafrique.com/categorie/autres-animaux?page=4","Cochon dinde","45 000CFA","Thies, Sénégal","https://images.coinafrique.com/thumb_3520084_uploaded_image1_1641925340.jpg"
"1767366924-68","https://sn.coinafrique.com/categorie/autres-animaux?page=4","Cochon dinde","45 000CFA","Thies, Sénégal","https://images.coinafrique.com/thumb_3520078_uploaded_image1_1641925243.jpg"
"1767366924-69","https://sn.coinafrique.com/categorie/autres-animaux?page=4","Cochon dinde","45 000CFA","Thies, Sénégal","https://images.coinafrique.com/thumb_3520065_uploaded_image1_1641924846.jpg"
"1767366924-70","https://sn.coinafrique.com/categorie/autres-animaux?page=4","Cheval","Prix sur demande","Dakar, Sénégal","https://images.coinafrique.com/thumb_3515231_uploaded_image1_1641645085.jpg"
"1767366924-71","https://sn.coinafrique.com/categorie/autres-animaux?page=4","Chat persan chinchilla","Prix sur demande","Fann-Point E-Amitié, Dakar, Sénégal","https://images.coinafrique.com/thumb_3515163_uploaded_image1_1641642618.jpg"
"1767366924-72","https://sn.coinafrique.com/categorie/autres-animaux?page=4","Bœufs","300 000CFA","Dieuppeul-Derklé, Dakar, Sénégal","https://images.coinafrique.com/thumb_3509381_uploaded_image1_1641354659.jpg"
"1767366924-73","https://sn.coinafrique.com/categorie/autres-animaux?page=4","Hamster","15 000CFA","Mbao, Dakar, Sénégal","https://images.coinafrique.com/thumb_3502571_uploaded_image1_1640864798.jpg"
"1767366924-74","https://sn.coinafrique.com/categorie/autres-animaux?page=4","Paon","350 000CFA","Mermoz-Sacré Coeur, Dakar, Sénégal","https://images.coinafrique.com/thumb_3500261_uploaded_image1_1640699224.jpg"
"1767366924-75","https://sn.coinafrique.com/categorie/autres-animaux?page=4","Oies de toulouse","20 000CFA","Dakar, Sénégal","https://images.coinafrique.com/thumb_3496368_uploaded_image2_1640341893.jpeg"
"1767366924-76","https://sn.coinafrique.com/categorie/autres-animaux?page=4","Bœuf","900 000CFA","Bambey, Sénégal","https://images.coinafrique.com/thumb_3492877_uploaded_image1_1640096405.jpg"
"1767366924-77","https://sn.coinafrique.com/categorie/autres-animaux?page=4","Dindes","Prix sur demande","Parcelle Assainies, Dakar, Sénégal","https://images.coinafrique.com/thumb_3474757_uploaded_image2_1638966967.jpeg"
"1767366924-78","https://sn.coinafrique.com/categorie/autres-animaux?page=4","Chaton siamois","Prix sur demande","Grand Dakar, Dakar, Sénégal","https://images.coinafrique.com/thumb_3450631_uploaded_image1_1637664547.jpg"
"1767366924-79","https://sn.coinafrique.com/categorie/autres-animaux?page=4","Bœufs","Prix sur demande","Louga, Sénégal","https://images.coinafrique.com/thumb_3448056_uploaded_image1_1637499860.jpg"
"1767366924-80","https://sn.coinafrique.com/categorie/autres-animaux?page=4","Couple dinde rouge","90 000CFA","Dakar, Sénégal","https://images.coinafrique.com/thumb_3425196_uploaded_image1_1636231334.jpg"
"1767366924-81","https://sn.coinafrique.com/categorie/autres-animaux?page=4","Canards","Prix sur demande","Dakar, Sénégal","https://images.coinafrique.com/thumb_3422543_uploaded_image1_1636113502.jpg"
"1767366924-82","https://sn.coinafrique.com/categorie/autres-animaux?page=4","Paire d'oie","100 000CFA","Thies, Sénégal","https://images.coinafrique.com/thumb_3418166_uploaded_image1_1635935843.jpg"
"1767366924-83","https://sn.coinafrique.com/categorie/autres-animaux?page=4","Oies de toulouse","450 000CFA","Mbour, Sénégal","https://images.coinafrique.com/thumb_3413662_uploaded_image1_1635765247.jpg"
"1767366924-84","https://sn.coinafrique.com/categorie/autres-animaux?page=4","Cailles","2 000CFA","Mermoz-Sacré Coeur, Dakar, Sénégal","https://images.coinafrique.com/thumb_3405018_uploaded_image1_1635264107.jpg"
"1767366935-85","https://sn.coinafrique.com/categorie/autres-animaux?page=3","Chaton","Prix sur demande","Ngor, Dakar, Sénégal","https://images.coinafrique.com/thumb_4608863_uploaded_image1_1708712110.jpg"
"1767366935-86","https://sn.coinafrique.com/categorie/autres-animaux?page=3","Chaton Siamois Hymalayen","240 000CFA","Dakar Plateau, Dakar, Sénégal","https://images.coinafrique.com/thumb_4593854_uploaded_image1_1707927839.jpg"
"1767366935-87","https://sn.coinafrique.com/categorie/autres-animaux?page=3","Chaton Persan","400 000CFA","Dakar Plateau, Dakar, Sénégal","https://images.coinafrique.com/thumb_4592914_uploaded_image1_1707885493.jpg"
"1767366935-88","https://sn.coinafrique.com/categorie/autres-animaux?page=3","Chaton Scottish Fold","750 000CFA","Dakar Plateau, Dakar, Sénégal","https://images.coinafrique.com/thumb_4571582_uploaded_image1_1706729320.jpg"
"1767366935-89","https://sn.coinafrique.com/categorie/autres-animaux?page=3","Perroquet youyou","10 000CFA","Dieuppeul-Derklé, Dakar, Sénégal","https://images.coinafrique.com/thumb_4570755_uploaded_image2_1706701706.jpeg"
"1767366935-90","https://sn.coinafrique.com/categorie/autres-animaux?page=3","Chaton Persan","400 000CFA","Dakar Plateau, Dakar, Sénégal","https://images.coinafrique.com/thumb_4569529_uploaded_image1_1706630955.jpg"
"1767366935-91","https://sn.coinafrique.com/categorie/autres-animaux?page=3","Boeuf","600 000CFA","Mbao, Dakar, Sénégal","https://images.coinafrique.com/thumb_4568012_uploaded_image1_1706543950.jpg"
"1767366935-92","https://sn.coinafrique.com/categorie/autres-animaux?page=3","Cochons d'inde","20 000CFA","Keur Massar, Sénégal","https://images.coinafrique.com/thumb_4555313_uploaded_image1_1705776199.jpg"
"1767366935-93","https://sn.coinafrique.com/categorie/autres-animaux?page=3","Chaton Scotish Fold","750 000CFA","Fann, Dakar, Sénégal","https://images.coinafrique.com/thumb_4540889_uploaded_image1_1705029103.jpg"
"1767366935-94","https://sn.coinafrique.com/categorie/autres-animaux?page=3","Chaton Persan","400 000CFA","Dakar, Sénégal","https://images.coinafrique.com/thumb_4540876_uploaded_image1_1705028116.jpg"
"1767366935-95","https://sn.coinafrique.com/categorie/autres-animaux?page=3","Bœuf","Prix sur demande","Diamalaye 2, Dakar, Sénégal","https://images.coinafrique.com/thumb_4534540_uploaded_image1_1704746080.jpg"
"1767366935-96","https://sn.coinafrique.com/categorie/autres-animaux?page=3","Poissons aquarium","7 000CFA","Dakar Plateau, Dakar, Sénégal","https://images.coinafrique.com/thumb_4534116_uploaded_image2_1704727054.jpeg"
"1767366935-97","https://sn.coinafrique.com/categorie/autres-animaux?page=3","Chatons Serval","1 500 000CFA","Saint Louis, Sénégal","https://images.coinafrique.com/thumb_4517799_uploaded_image1_1703777941.jpg"
"1767366935-98","https://sn.coinafrique.com/categorie/autres-animaux?page=3","Couple dinde","40 000CFA","Kolda, Sénégal","https://images.coinafrique.com/thumb_4506000_uploaded_image1_1702997150.jpg"
"1767366935-99","https://sn.coinafrique.com/categorie/autres-animaux?page=3","Cochons","20 000CFA","Keur Massar, Sénégal","https://images.coinafrique.com/thumb_4503064_uploaded_image1_1702806770.jpg"
"1767366935-100","https://sn.coinafrique.com/categorie/autres-animaux?page=3","Cochons","20 000CFA","Keur Massar, Sénégal","https://images.coinafrique.com/thumb_4503058_uploaded_image1_1702806558.jpg"
"1767366935-101","https://sn.coinafrique.com/categorie/autres-animaux?page=3","Pintade","75 000CFA","Guediawaye, Dakar, Sénégal","https://images.coinafrique.com/thumb_4465594_uploaded_image1_1700505532.jpg"
"1767366935-102","https://sn.coinafrique.com/categorie/autres-animaux?page=3","Perruche Anglaise","40 000CFA","Dieuppeul-Derklé, Dakar, Sénégal","https://images.coinafrique.com/thumb_4456172_uploaded_image1_1699885668.jpg"
"1767366935-103","https://sn.coinafrique.com/categorie/autres-animaux?page=3","Perruches ondulées","15 000CFA","Dieuppeul-Derklé, Dakar, Sénégal","https://images.coinafrique.com/thumb_4456156_uploaded_image1_1699884359.jpg"
"1767366935-104","https://sn.coinafrique.com/categorie/autres-animaux?page=3","Cailles","1 500CFA","Dakar, Sénégal","https://images.coinafrique.com/thumb_4454743_uploaded_image1_1699793813.jpg"
"1767366935-105","https://sn.coinafrique.com/categorie/autres-animaux?page=3","Perruche ondulée","7 000CFA","Thies, Sénégal","https://images.coinafrique.com/thumb_4452994_uploaded_image1_1699659802.jpg"
"1767366935-106","https://sn.coinafrique.com/categorie/autres-animaux?page=3","Paon","250 000CFA","Dakar, Sénégal","https://images.coinafrique.com/thumb_4451044_uploaded_image1_1699554808.jpg"
"1767366935-107","https://sn.coinafrique.com/categorie/autres-animaux?page=3","Paon","65 000CFA","Yoff, Dakar, Sénégal","https://images.coinafrique.com/thumb_4435457_uploaded_image1_1698661056.jpg"
"1767366935-108","https://sn.coinafrique.com/categorie/autres-animaux?page=3","Pintade","7 000CFA","Keur Massar, Sénégal","https://images.coinafrique.com/thumb_4412768_uploaded_image1_1697036744.jpg"
"1767366935-109","https://sn.coinafrique.com/categorie/autres-animaux?page=3","Perroquet","50 000CFA","Point E, Dakar, Sénégal","https://images.coinafrique.com/thumb_4411374_uploaded_image1_1696959883.jpg"
"1767366935-110","https://sn.coinafrique.com/categorie/autres-animaux?page=3","Oies de Toulouse","Prix sur demande","Thies, Sénégal","https://images.coinafrique.com/thumb_4409000_uploaded_image1_1696840958.jpg"
"1767366935-111","https://sn.coinafrique.com/categorie/autres-animaux?page=3","Dindes","30 000CFA","Guediawaye, Dakar, Sénégal","https://images.coinafrique.com/thumb_4408804_uploaded_image1_1696809535.jpg"
"1767366935-112","https://sn.coinafrique.com/categorie/autres-animaux?page=3","Pintades","40 000CFA","Guediawaye, Dakar, Sénégal","https://images.coinafrique.com/thumb_4408799_uploaded_image1_1696809191.jpg"
"1767366935-113","https://sn.coinafrique.com/categorie/autres-animaux?page=3","Veaux","450 000CFA","Pikine, Sénégal","https://images.coinafrique.com/thumb_4407653_uploaded_image1_1696730126.jpg"
"1767366935-114","https://sn.coinafrique.com/categorie/autres-animaux?page=3","Chèvre","80 000CFA","Thies, Sénégal","https://images.coinafrique.com/thumb_4387674_uploaded_image1_1695430824.jpg"
"1767366935-115","https://sn.coinafrique.com/categorie/autres-animaux?page=3","Chat Persan","650 000CFA","Point E, Dakar, Sénégal","https://images.coinafrique.com/thumb_4386249_uploaded_image1_1695340690.jpg"
"1767366935-116","https://sn.coinafrique.com/categorie/autres-animaux?page=3","Dinde rouge pair","35 000CFA","Dakar, Sénégal","https://images.coinafrique.com/thumb_4381112_uploaded_image1_1695035479.jpg"
"1767366935-117","https://sn.coinafrique.com/categorie/autres-animaux?page=3","Bœuf","450 000CFA","Dakar, Sénégal","https://images.coinafrique.com/thumb_4379382_uploaded_image1_1694875556.jpg"
"1767366935-118","https://sn.coinafrique.com/categorie/autres-animaux?page=3","Chaton","Prix sur demande","Ouest Foire, Dakar, Sénégal","https://images.coinafrique.com/thumb_4365267_uploaded_image1_1694000653.jpg"
"1767366935-119","https://sn.coinafrique.com/categorie/autres-animaux?page=3","Taureau","320 000CFA","Rufisque, Sénégal","https://images.coinafrique.com/thumb_4335558_uploaded_image1_1692061499.jpg"
"1767366935-120","https://sn.coinafrique.com/categorie/autres-animaux?page=3","Chaton Gimalayen Siamois","250 000CFA","Fann, Dakar, Sénégal","https://images.coinafrique.com/thumb_4333502_uploaded_image1_1691932427.jpg"
"1767366935-121","https://sn.coinafrique.com/categorie/autres-animaux?page=3","Perruches ondulées","20 000CFA","Point E, Dakar, Sénégal","https://images.coinafrique.com/thumb_4331659_uploaded_image1_1691773285.jpg"
"1767366935-122","https://sn.coinafrique.com/categorie/autres-animaux?page=3","Perroquets","60 000CFA","Point E, Dakar, Sénégal","https://images.coinafrique.com/thumb_4331654_uploaded_image1_1691772808.jpg"
"1767366935-123","https://sn.coinafrique.com/categorie/autres-animaux?page=3","Cailles de chair","500CFA","Colobane, Dakar, Sénégal","https://images.coinafrique.com/thumb_4327166_uploaded_image1_1691508551.jpg"
"1767366935-124","https://sn.coinafrique.com/categorie/autres-animaux?page=3","Poussins d'autruche","50 000CFA","Bambey, Sénégal","https://images.coinafrique.com/thumb_4292496_uploaded_image1_1689236421.jpg"
"1767366935-125","https://sn.coinafrique.com/categorie/autres-animaux?page=3","Chat tigré","60 000CFA","Rufisque, Sénégal","https://images.coinafrique.com/thumb_4290090_uploaded_image1_1689085062.jpg"
"1767366935-126","https://sn.coinafrique.com/categorie/autres-animaux?page=3","Chat tigré","60 000CFA","Rufisque, Sénégal","https://images.coinafrique.com/thumb_4290086_uploaded_image1_1689084975.jpg"
"1767366935-127","https://sn.coinafrique.com/categorie/autres-animaux?page=3","Canard","30 000CFA","Guediawaye, Dakar, Sénégal","https://images.coinafrique.com/thumb_4251761_uploaded_image1_1686479149.jpg"
"1767366935-128","https://sn.coinafrique.com/categorie/autres-animaux?page=3","Autruche","40 000CFA","Bambey, Sénégal","https://images.coinafrique.com/thumb_4274068_uploaded_image1_1688027259.jpg"
"1767366935-129","https://sn.coinafrique.com/categorie/autres-animaux?page=3","Chatons persans chinchilla golden shaded","500 000CFA","Sicap Liberté, Dakar, Sénégal","https://images.coinafrique.com/thumb_4268926_uploaded_image1_1687601650.jpg"
"1767366935-130","https://sn.coinafrique.com/categorie/autres-animaux?page=3","Chat persan chinchilla blue golden shaded","650 000CFA","Sicap Liberté, Dakar, Sénégal","https://images.coinafrique.com/thumb_4268866_uploaded_image1_1687597344.jpg"
"1767366935-131","https://sn.coinafrique.com/categorie/autres-animaux?page=3","Chat persan chinchilla golden shaded","500 000CFA","Sicap Liberté, Dakar, Sénégal","https://images.coinafrique.com/thumb_4268857_uploaded_image1_1687596952.jpg"
"1767366935-132","https://sn.coinafrique.com/categorie/autres-animaux?page=3","Perruches ondulées","20 000CFA","Dieuppeul-Derklé, Dakar, Sénégal","https://images.coinafrique.com/thumb_4268218_uploaded_image1_1687536623.jpg"
"1767366935-133","https://sn.coinafrique.com/categorie/autres-animaux?page=3","Oies","45 000CFA","Thies, Sénégal","https://images.coinafrique.com/thumb_4263743_uploaded_image1_1687283716.jpg"
"1767366935-134","https://sn.coinafrique.com/categorie/autres-animaux?page=3","Poissons aquariums","7 500CFA","Dakar Plateau, Dakar, Sénégal","https://images.coinafrique.com/thumb_4258053_uploaded_image1_1686843939.jpg"
"1767366935-135","https://sn.coinafrique.com/categorie/autres-animaux?page=3","Chaton","Prix sur demande","Ouest Foire, Dakar, Sénégal","https://images.coinafrique.com/thumb_4254477_uploaded_image1_1686653757.jpg"
"1767366935-136","https://sn.coinafrique.com/categorie/autres-animaux?page=3","Paon","Prix sur demande","Yoff, Dakar, Sénégal","https://images.coinafrique.com/thumb_4250701_uploaded_image1_1686389684.jpg"
"1767366935-137","https://sn.coinafrique.com/categorie/autres-animaux?page=3","Perruche","30 000CFA","Point E, Dakar, Sénégal","https://images.coinafrique.com/thumb_4236158_uploaded_image1_1685471000.jpg"
"1767366935-138","https://sn.coinafrique.com/categorie/autres-animaux?page=3","Paon","400CFA","Touba, Sénégal","https://images.coinafrique.com/thumb_4226444_uploaded_image1_1684797786.jpg"
"1767366935-139","https://sn.coinafrique.com/categorie/autres-animaux?page=3","Poussins bleus hollandais","1 500CFA","Mbao, Dakar, Sénégal","https://images.coinafrique.com/thumb_4223952_uploaded_image1_1684611180.jpg"
"1767366935-140","https://sn.coinafrique.com/categorie/autres-animaux?page=3","Chaton Siamois Himalayen","275 000CFA","Fann, Dakar, Sénégal","https://images.coinafrique.com/thumb_4215680_uploaded_image1_1684074328.jpg"
"1767366935-141","https://sn.coinafrique.com/categorie/autres-animaux?page=3","Poissons aquarium","15 000CFA","Dakar Plateau, Dakar, Sénégal","https://images.coinafrique.com/thumb_4213007_uploaded_image1_1683888858.jpg"
"1767366935-142","https://sn.coinafrique.com/categorie/autres-animaux?page=3","Cailles","7 000CFA","Touba, Sénégal","https://images.coinafrique.com/thumb_4208226_uploaded_image1_1683592423.jpg"
"1767366935-143","https://sn.coinafrique.com/categorie/autres-animaux?page=3","Boeuf","600 000CFA","Bambey, Sénégal","https://images.coinafrique.com/thumb_4196106_uploaded_image1_1682881461.jpg"
"1767366935-144","https://sn.coinafrique.com/categorie/autres-animaux?page=3","Perruches","30 000CFA","Hann Bel-Air, Dakar, Sénégal","https://images.coinafrique.com/thumb_4194617_uploaded_image1_1682759209.jpg"
"1767366935-145","https://sn.coinafrique.com/categorie/autres-animaux?page=3","Perroquet","35 000CFA","Dakar, Sénégal","https://images.coinafrique.com/thumb_4185842_uploaded_image1_1682102205.jpg"
"1767366935-146","https://sn.coinafrique.com/categorie/autres-animaux?page=3","Couple de perruches","14 900CFA","Thies, Sénégal","https://images.coinafrique.com/thumb_4180902_uploaded_image1_1681767382.jpg"
"1767366935-147","https://sn.coinafrique.com/categorie/autres-animaux?page=3","Chaton siamois","240 000CFA","Sacré-Coeur, Dakar, Sénégal","https://images.coinafrique.com/thumb_4180282_uploaded_image1_1681738114.jpg"
"1767366935-148","https://sn.coinafrique.com/categorie/autres-animaux?page=3","Dinde","45 000CFA","Touba, Sénégal","https://images.coinafrique.com/thumb_4170236_uploaded_image1_1681079402.jpg"
"1767366935-149","https://sn.coinafrique.com/categorie/autres-animaux?page=3","Dindes","100 000CFA","Parcelle Assainies, Dakar, Sénégal","https://images.coinafrique.com/thumb_4169875_uploaded_image1_1681057517.jpg"
"1767366935-150","https://sn.coinafrique.com/categorie/autres-animaux?page=3","Dindes","100 000CFA","Parcelle Assainies, Dakar, Sénégal","https://images.coinafrique.com/thumb_4169870_uploaded_image1_1681057188.jpg"
"1767366935-151","https://sn.coinafrique.com/categorie/autres-animaux?page=3","Hamster doré","Prix sur demande","Patte d'oie, Dakar, Sénégal","https://images.coinafrique.com/thumb_4169247_uploaded_image1_1680993460.jpg"
"1767366935-152","https://sn.coinafrique.com/categorie/autres-animaux?page=3","Perroquet","20 000CFA","Dakar, Sénégal","https://images.coinafrique.com/thumb_4141464_uploaded_image1_1679320795.jpg"
"1767366935-153","https://sn.coinafrique.com/categorie/autres-animaux?page=3","Canard colvert","32 500CFA","Almadies 2, Dakar, Sénégal","https://images.coinafrique.com/thumb_4141195_uploaded_image1_1679311407.jpg"
"1767366935-154","https://sn.coinafrique.com/categorie/autres-animaux?page=3","Chatte persane himalayenne","200 000CFA","Dakar, Sénégal","https://images.coinafrique.com/thumb_4140736_uploaded_image1_1679260998.jpg"
"1767366935-155","https://sn.coinafrique.com/categorie/autres-animaux?page=3","Oies","35 000CFA","Thies, Sénégal","https://images.coinafrique.com/thumb_4119270_uploaded_image2_1677889884.jpeg"
"1767366935-156","https://sn.coinafrique.com/categorie/autres-animaux?page=3","Hamster dorée","15 000CFA","Sacré-Coeur, Dakar, Sénégal","https://images.coinafrique.com/thumb_4110101_uploaded_image1_1677403384.jpg"
"1767366935-157","https://sn.coinafrique.com/categorie/autres-animaux?page=3","Chèvre sahelienne","180 000CFA","Mbour, Sénégal","https://images.coinafrique.com/thumb_4103018_uploaded_image1_1676929679.jpg"
"1767366935-158","https://sn.coinafrique.com/categorie/autres-animaux?page=3","Chats siamois himalayen","300 000CFA","Thies, Sénégal","https://images.coinafrique.com/thumb_4102440_uploaded_image1_1676904996.jpg"
"1767366935-159","https://sn.coinafrique.com/categorie/autres-animaux?page=3","Chaton angora","180 000CFA","Fann, Dakar, Sénégal","https://images.coinafrique.com/thumb_4102298_uploaded_image1_1676900131.jpg"
"1767366935-160","https://sn.coinafrique.com/categorie/autres-animaux?page=3","Cheval","Prix sur demande","Ouakam, Dakar, Sénégal","https://images.coinafrique.com/thumb_4092862_uploaded_image1_1676283623.jpg"
"1767366935-161","https://sn.coinafrique.com/categorie/autres-animaux?page=3","Bœuf","600 000CFA","Bambey, Sénégal","https://images.coinafrique.com/thumb_4090572_uploaded_image1_1676111755.jpg"
"1767366935-162","https://sn.coinafrique.com/categorie/autres-animaux?page=3","Oies","65 000CFA","Niaga, Sénégal","https://images.coinafrique.com/thumb_4064457_uploaded_image1_1674641302.jpg"
"1767366935-163","https://sn.coinafrique.com/categorie/autres-animaux?page=3","Dinde","50 000CFA","Dakar, Sénégal","https://images.coinafrique.com/thumb_4060300_uploaded_image1_1674362008.jpg"
"1767366935-164","https://sn.coinafrique.com/categorie/autres-animaux?page=3","Canards","20 000CFA","Dakar, Sénégal","https://images.coinafrique.com/thumb_4056116_uploaded_image1_1674103896.jpg"
"1767366935-165","https://sn.coinafrique.com/categorie/autres-animaux?page=3","Dindons","175 000CFA","Dakar, Sénégal","https://images.coinafrique.com/thumb_4056115_uploaded_image1_1674103633.jpg"
"1767366935-166","https://sn.coinafrique.com/categorie/autres-animaux?page=3","Perruches ondulées","7 000CFA","Hann Bel-Air, Dakar, Sénégal","https://images.coinafrique.com/thumb_4049517_uploaded_image1_1673696813.jpg"
"1767366935-167","https://sn.coinafrique.com/categorie/autres-animaux?page=3","Boeuf","Prix sur demande","Niaga, Sénégal","https://images.coinafrique.com/thumb_4047285_uploaded_image1_1673554118.jpg"
"1767366935-168","https://sn.coinafrique.com/categorie/autres-animaux?page=3","Oies de garde","200 000CFA","Mbour, Sénégal","https://images.coinafrique.com/thumb_4033376_uploaded_image1_1672817271.jpg"
"1767366944-169","https://sn.coinafrique.com/categorie/autres-animaux?page=2","Chaton","Prix sur demande","Dakar Plateau, Dakar, Sénégal","https://images.coinafrique.com/thumb_5096028_uploaded_image2_1734447537.jpeg"
"1767366944-170","https://sn.coinafrique.com/categorie/autres-animaux?page=2","Chaton Siamois","235 000CFA","Dakar Plateau, Dakar, Sénégal","https://images.coinafrique.com/thumb_5092278_uploaded_image1_1734215302.jpg"
"1767366944-171","https://sn.coinafrique.com/categorie/autres-animaux?page=2","Poissons Aquarium","8 500CFA","Dakar, Sénégal","https://images.coinafrique.com/thumb_5068623_uploaded_image1_1732965550.jpg"
"1767366944-172","https://sn.coinafrique.com/categorie/autres-animaux?page=2","Tortues terrestres","35 000CFA","Ouest Foire, Dakar, Sénégal","https://images.coinafrique.com/thumb_5066823_uploaded_image1_1732865161.jpg"
"1767366944-173","https://sn.coinafrique.com/categorie/autres-animaux?page=2","Bœuf","800 000CFA","Mbao, Dakar, Sénégal","https://images.coinafrique.com/thumb_5054269_uploaded_image1_1732160455.jpg"
"1767366944-174","https://sn.coinafrique.com/categorie/autres-animaux?page=2","Bœuf","800 000CFA","Mbao, Dakar, Sénégal","https://images.coinafrique.com/thumb_5054268_uploaded_image1_1732160128.jpg"
"1767366944-175","https://sn.coinafrique.com/categorie/autres-animaux?page=2","Chat Persan","400 000CFA","Dakar Plateau, Dakar, Sénégal","https://images.coinafrique.com/thumb_5050095_uploaded_image1_1731948012.jpg"
"1767366944-176","https://sn.coinafrique.com/categorie/autres-animaux?page=2","Bœufs","800 000CFA","Keur Massar, Sénégal","https://images.coinafrique.com/thumb_5042261_uploaded_image1_1731516188.jpg"
"1767366944-177","https://sn.coinafrique.com/categorie/autres-animaux?page=2","Mondain","140 000CFA","Guediawaye, Dakar, Sénégal","https://images.coinafrique.com/thumb_5041931_uploaded_image1_1731508632.jpg"
"1767366944-178","https://sn.coinafrique.com/categorie/autres-animaux?page=2","Himalayen","265 000CFA","Dakar Plateau, Dakar, Sénégal","https://images.coinafrique.com/thumb_5041105_uploaded_image1_1731466674.jpg"
"1767366944-179","https://sn.coinafrique.com/categorie/autres-animaux?page=2","persan pure race","400 000CFA","Dakar Plateau, Dakar, Sénégal","https://images.coinafrique.com/thumb_5041103_uploaded_image1_1731467091.jpg"
"1767366944-180","https://sn.coinafrique.com/categorie/autres-animaux?page=2","British et scottish pure race","650 000CFA","Dakar Plateau, Dakar, Sénégal","https://images.coinafrique.com/thumb_5041101_uploaded_image1_1731465886.jpg"
"1767366944-181","https://sn.coinafrique.com/categorie/autres-animaux?page=2","Dindes","25 000CFA","Almadies 2, Dakar, Sénégal","https://images.coinafrique.com/thumb_5035473_uploaded_image1_1731162862.jpg"
"1767366944-182","https://sn.coinafrique.com/categorie/autres-animaux?page=2","Bœuf","300 000CFA","Biscuiterie, Dakar, Sénégal","https://images.coinafrique.com/thumb_5022926_uploaded_image1_1730540052.jpg"
"1767366944-183","https://sn.coinafrique.com/categorie/autres-animaux?page=2","Chaton de 1 mois","20 000CFA","Mariste, Dakar, Sénégal","https://images.coinafrique.com/thumb_5017864_uploaded_image1_1730286261.jpg"
"1767366944-184","https://sn.coinafrique.com/categorie/autres-animaux?page=2","Caille","1 500CFA","Guediawaye, Dakar, Sénégal","https://images.coinafrique.com/thumb_5001807_uploaded_image1_1729346954.jpg"
"1767366944-185","https://sn.coinafrique.com/categorie/autres-animaux?page=2","Couple dinde","Prix sur demande","Guediawaye, Dakar, Sénégal","https://images.coinafrique.com/thumb_5001804_uploaded_image1_1729346440.jpg"
"1767366944-186","https://sn.coinafrique.com/categorie/autres-animaux?page=2","Chat Siamois","170 000CFA","Point E, Dakar, Sénégal","https://images.coinafrique.com/thumb_4997392_uploaded_image2_1729102102.jpeg"
"1767366944-187","https://sn.coinafrique.com/categorie/autres-animaux?page=2","Bœuf","700 000CFA","Keur Massar, Sénégal","https://images.coinafrique.com/thumb_4996496_uploaded_image1_1729075617.jpg"
"1767366944-188","https://sn.coinafrique.com/categorie/autres-animaux?page=2","Boeuf","Prix sur demande","Thies, Sénégal","https://images.coinafrique.com/thumb_4995019_uploaded_image1_1729000242.jpg"
"1767366944-189","https://sn.coinafrique.com/categorie/autres-animaux?page=2","Tortue","35 000CFA","Hann Bel-Air, Dakar, Sénégal","https://images.coinafrique.com/thumb_4976748_uploaded_image1_1728036550.jpg"
"1767366944-190","https://sn.coinafrique.com/categorie/autres-animaux?page=2","Bleus","Prix sur demande","Sicap Liberté, Dakar, Sénégal","https://images.coinafrique.com/thumb_4974963_uploaded_image1_1727962840.jpg"
"1767366944-191","https://sn.coinafrique.com/categorie/autres-animaux?page=2","Perroquet","399 000CFA","Sicap Liberté, Dakar, Sénégal","https://images.coinafrique.com/thumb_4967605_uploaded_image1_1727643698.jpg"
"1767366944-192","https://sn.coinafrique.com/categorie/autres-animaux?page=2","Œufs de caille","4 500CFA","Mbour, Sénégal","https://images.coinafrique.com/thumb_4962446_uploaded_image1_1727306903.jpg"
"1767366944-193","https://sn.coinafrique.com/categorie/autres-animaux?page=2","Cailles de chair","2 500CFA","Thies, Sénégal","https://images.coinafrique.com/thumb_4957482_uploaded_image1_1727090624.jpg"
"1767366944-194","https://sn.coinafrique.com/categorie/autres-animaux?page=2","Chaton","50 000CFA","Dakar, Sénégal","https://images.coinafrique.com/thumb_4956743_uploaded_image1_1727042864.jpg"
"1767366944-195","https://sn.coinafrique.com/categorie/autres-animaux?page=2","Pintade noire","800 000CFA","Hann Bel-Air, Dakar, Sénégal","https://images.coinafrique.com/thumb_4942157_uploaded_image1_1726204107.jpg"
"1767366944-196","https://sn.coinafrique.com/categorie/autres-animaux?page=2","Chat","350 000CFA","Grand Dakar, Dakar, Sénégal","https://images.coinafrique.com/thumb_4928423_uploaded_image1_1725508257.jpg"
"1767366944-197","https://sn.coinafrique.com/categorie/autres-animaux?page=2","Chatons","Prix sur demande","Mariste, Dakar, Sénégal","https://images.coinafrique.com/thumb_4922546_uploaded_image1_1725269043.jpg"
"1767366944-198","https://sn.coinafrique.com/categorie/autres-animaux?page=2","Poussins de canard","2 500CFA","Guediawaye, Dakar, Sénégal","https://images.coinafrique.com/thumb_4917429_uploaded_image1_1724966703.jpg"
"1767366944-199","https://sn.coinafrique.com/categorie/autres-animaux?page=2","Dinde rouge Ardenne","Prix sur demande","Guediawaye, Dakar, Sénégal","https://images.coinafrique.com/thumb_4917420_uploaded_image1_1724966404.jpg"
"1767366944-200","https://sn.coinafrique.com/categorie/autres-animaux?page=2","Perroquets","50 000CFA","Point E, Dakar, Sénégal","https://images.coinafrique.com/thumb_4903200_uploaded_image1_1724163057.jpg"
"1767366944-201","https://sn.coinafrique.com/categorie/autres-animaux?page=2","Poisson Aquarium","8 500CFA","Dakar Plateau, Dakar, Sénégal","https://images.coinafrique.com/thumb_4898597_uploaded_image1_1723887709.jpg"
"1767366944-202","https://sn.coinafrique.com/categorie/autres-animaux?page=2","Bœufs","Prix sur demande","Niaga, Sénégal","https://images.coinafrique.com/thumb_4895608_uploaded_image1_1723716978.jpg"
"1767366944-203","https://sn.coinafrique.com/categorie/autres-animaux?page=2","Chatons persans chinchillas purs","550 000CFA","Sicap Liberté, Dakar, Sénégal","https://images.coinafrique.com/thumb_4888897_uploaded_image1_1723397770.jpg"
"1767366944-204","https://sn.coinafrique.com/categorie/autres-animaux?page=2","Autruche","750 000CFA","Almadies 2, Dakar, Sénégal","https://images.coinafrique.com/thumb_4885138_uploaded_image1_1723173640.jpg"
"1767366944-205","https://sn.coinafrique.com/categorie/autres-animaux?page=2","Œufs de caille","3 000CFA","Thies, Sénégal","https://images.coinafrique.com/thumb_4880858_uploaded_image1_1722971406.jpg"
"1767366944-206","https://sn.coinafrique.com/categorie/autres-animaux?page=2","Œufs de caille","3 000CFA","Thies, Sénégal","https://images.coinafrique.com/thumb_4880849_uploaded_image1_1722971092.jpg"
"1767366944-207","https://sn.coinafrique.com/categorie/autres-animaux?page=2","vache","Prix sur demande","Niaga, Sénégal","https://images.coinafrique.com/thumb_4878570_uploaded_image1_1722874635.jpg"
"1767366944-208","https://sn.coinafrique.com/categorie/autres-animaux?page=2","Vache","350 000CFA","Gassane, Sénégal","https://images.coinafrique.com/thumb_4864739_uploaded_image1_1722168896.jpg"
"1767366944-209","https://sn.coinafrique.com/categorie/autres-animaux?page=2","Chaton hiamalayen","200 000CFA","Dakar Plateau, Dakar, Sénégal","https://images.coinafrique.com/thumb_4864117_uploaded_image1_1722115248.jpg"
"1767366944-210","https://sn.coinafrique.com/categorie/autres-animaux?page=2","Siamois","200 000CFA","Yoff, Dakar, Sénégal","https://images.coinafrique.com/thumb_4855435_uploaded_image1_1721662817.jpg"
"1767366944-211","https://sn.coinafrique.com/categorie/autres-animaux?page=2","Bœufs race Goudali","Prix sur demande","Dakar, Sénégal","https://images.coinafrique.com/thumb_4853741_uploaded_image1_1721569594.jpg"
"1767366944-212","https://sn.coinafrique.com/categorie/autres-animaux?page=2","Vache montbéliardes","2 000 000CFA","Pikine, Sénégal","https://images.coinafrique.com/thumb_4851931_uploaded_image2_1721447498.jpeg"
"1767366944-213","https://sn.coinafrique.com/categorie/autres-animaux?page=2","Perruche ondulée","15 000CFA","Dieuppeul-Derklé, Dakar, Sénégal","https://images.coinafrique.com/thumb_4846061_uploaded_image1_1721147785.jpg"
"1767366944-214","https://sn.coinafrique.com/categorie/autres-animaux?page=2","Perruche ondulée","30 000CFA","Dieuppeul-Derklé, Dakar, Sénégal","https://images.coinafrique.com/thumb_4846053_uploaded_image1_1721147434.jpg"
"1767366944-215","https://sn.coinafrique.com/categorie/autres-animaux?page=2","Perruches ondulées blanches","20 000CFA","Dieuppeul-Derklé, Dakar, Sénégal","https://images.coinafrique.com/thumb_4846024_uploaded_image1_1721146605.jpg"
"1767366944-216","https://sn.coinafrique.com/categorie/autres-animaux?page=2","Persan pure race","500 000CFA","Dakar Plateau, Dakar, Sénégal","https://images.coinafrique.com/thumb_4818301_uploaded_image1_1719774491.jpg"
"1767366944-217","https://sn.coinafrique.com/categorie/autres-animaux?page=2","Chatons Persan pure race","430 000CFA","Dakar Plateau, Dakar, Sénégal","https://images.coinafrique.com/thumb_4808981_uploaded_image1_1719268557.jpg"
"1767366944-218","https://sn.coinafrique.com/categorie/autres-animaux?page=2","Scottish fold et scottish straight de race pure","700 000CFA","Dakar Plateau, Dakar, Sénégal","https://images.coinafrique.com/thumb_4808971_uploaded_image1_1719267956.jpg"
"1767366944-219","https://sn.coinafrique.com/categorie/autres-animaux?page=2","Foin","4 600CFA","Keur Massar, Sénégal","https://images.coinafrique.com/thumb_4807500_uploaded_image1_1719210823.jpg"
"1767366944-220","https://sn.coinafrique.com/categorie/autres-animaux?page=2","Paon","140 000CFA","Yoff, Dakar, Sénégal","https://images.coinafrique.com/thumb_4804686_uploaded_image1_1718999173.jpg"
"1767366944-221","https://sn.coinafrique.com/categorie/autres-animaux?page=2","Chat scotish","750 000CFA","Dakar Plateau, Dakar, Sénégal","https://images.coinafrique.com/thumb_4803206_uploaded_image1_1718912151.jpg"
"1767366944-222","https://sn.coinafrique.com/categorie/autres-animaux?page=2","Poussin dinde rouge","15 000CFA","Dakar, Sénégal","https://images.coinafrique.com/thumb_4794677_uploaded_image1_1718313441.jpg"
"1767366944-223","https://sn.coinafrique.com/categorie/autres-animaux?page=2","Cochin Fauve","17 500CFA","Dakar, Sénégal","https://images.coinafrique.com/thumb_4794473_uploaded_image1_1718301841.jpg"
"1767366944-224","https://sn.coinafrique.com/categorie/autres-animaux?page=2","Poussin Cochin disponible","17 500CFA","Dakar, Sénégal","https://images.coinafrique.com/thumb_4794466_uploaded_image1_1718301585.jpg"
"1767366944-225","https://sn.coinafrique.com/categorie/autres-animaux?page=2","Chat persan","400 000CFA","Dakar Plateau, Dakar, Sénégal","https://images.coinafrique.com/thumb_4785131_uploaded_image1_1717786702.jpg"
"1767366944-226","https://sn.coinafrique.com/categorie/autres-animaux?page=2","Vache laitière Montbéliarde","Prix sur demande","Guediawaye, Dakar, Sénégal","https://images.coinafrique.com/thumb_4765247_uploaded_image1_1716841792.jpg"
"1767366944-227","https://sn.coinafrique.com/categorie/autres-animaux?page=2","Chaton Scottish","450 000CFA","Dakar Plateau, Dakar, Sénégal","https://images.coinafrique.com/thumb_4755374_uploaded_image1_1716328455.jpg"
"1767366944-228","https://sn.coinafrique.com/categorie/autres-animaux?page=2","Vaches Montbéliarde","Prix sur demande","Pikine, Sénégal","https://images.coinafrique.com/thumb_4753936_uploaded_image1_1716257870.jpg"
"1767366944-229","https://sn.coinafrique.com/categorie/autres-animaux?page=2","Vache Montbéliard et Holstein","Prix sur demande","Rufisque, Sénégal","https://images.coinafrique.com/thumb_4753935_uploaded_image1_1716257776.jpg"
"1767366944-230","https://sn.coinafrique.com/categorie/autres-animaux?page=2","Vache  Montbéliard Holstein","Prix sur demande","Pikine, Sénégal","https://images.coinafrique.com/thumb_4753933_uploaded_image1_1716257630.jpg"
"1767366944-231","https://sn.coinafrique.com/categorie/autres-animaux?page=2","Boeuf","800 000CFA","Kaolack, Sénégal","https://images.coinafrique.com/thumb_4752043_uploaded_image1_1716145974.jpg"
"1767366944-232","https://sn.coinafrique.com/categorie/autres-animaux?page=2","3 chatons","Prix sur demande","Mariste, Dakar, Sénégal","https://images.coinafrique.com/thumb_4751663_uploaded_image1_1716126912.jpg"
"1767366944-233","https://sn.coinafrique.com/categorie/autres-animaux?page=2","Paon bleu","250 000CFA","Rufisque, Sénégal","https://images.coinafrique.com/thumb_4686441_uploaded_image1_1712838619.jpg"
"1767366944-234","https://sn.coinafrique.com/categorie/autres-animaux?page=2","Perroquet inséparable","60 000CFA","Point E, Dakar, Sénégal","https://images.coinafrique.com/thumb_4724298_uploaded_image1_1714756962.jpg"
"1767366944-235","https://sn.coinafrique.com/categorie/autres-animaux?page=2","Chat Siamois","300 000CFA","Almadies, Dakar, Sénégal","https://images.coinafrique.com/thumb_4723220_uploaded_image1_1714727016.jpg"
"1767366944-236","https://sn.coinafrique.com/categorie/autres-animaux?page=2","Hamster","5 000CFA","Almadies, Dakar, Sénégal","https://images.coinafrique.com/thumb_4723216_uploaded_image1_1714726904.jpg"
"1767366944-237","https://sn.coinafrique.com/categorie/autres-animaux?page=2","Cailles","Prix sur demande","Touba, Sénégal","https://images.coinafrique.com/thumb_4701407_uploaded_image1_1713575328.jpg"
"1767366944-238","https://sn.coinafrique.com/categorie/autres-animaux?page=2","Perruche","20 000CFA","Mamelles, Dakar, Sénégal","https://images.coinafrique.com/thumb_4701230_uploaded_image1_1713565518.jpg"
"1767366944-239","https://sn.coinafrique.com/categorie/autres-animaux?page=2","Chaton","Prix sur demande","Ngor, Dakar, Sénégal","https://images.coinafrique.com/thumb_4689687_uploaded_image1_1713000926.jpg"
"1767366944-240","https://sn.coinafrique.com/categorie/autres-animaux?page=2","Bœufs","Prix sur demande","Parcelle Assainies, Dakar, Sénégal","https://images.coinafrique.com/thumb_4679890_uploaded_image1_1712437211.jpg"
"1767366944-241","https://sn.coinafrique.com/categorie/autres-animaux?page=2","Paire de perruches ondulées","40 000CFA","Mamelles, Dakar, Sénégal","https://images.coinafrique.com/thumb_4679396_uploaded_image1_1712411459.jpg"
"1767366944-242","https://sn.coinafrique.com/categorie/autres-animaux?page=2","Vache brune","Prix sur demande","Mbour, Sénégal","https://images.coinafrique.com/thumb_4664799_uploaded_image1_1711657831.jpg"
"1767366944-243","https://sn.coinafrique.com/categorie/autres-animaux?page=2","Chatons","Prix sur demande","Mariste, Dakar, Sénégal","https://images.coinafrique.com/thumb_4651939_uploaded_image1_1710967508.jpg"
"1767366944-244","https://sn.coinafrique.com/categorie/autres-animaux?page=2","Couple perroquet  Roseicollis","60 000CFA","Point E, Dakar, Sénégal","https://images.coinafrique.com/thumb_4651651_uploaded_image1_1710951067.jpg"
"1767366944-245","https://sn.coinafrique.com/categorie/autres-animaux?page=2","Canard Colvert","25 000CFA","Mariste, Dakar, Sénégal","https://images.coinafrique.com/thumb_4650420_uploaded_image1_1710887873.jpg"
"1767366944-246","https://sn.coinafrique.com/categorie/autres-animaux?page=2","Chatons","Prix sur demande","Point E, Dakar, Sénégal","https://images.coinafrique.com/thumb_4646165_uploaded_image1_1710686670.jpg"
"1767366944-247","https://sn.coinafrique.com/categorie/autres-animaux?page=2","Chaton Himalayen","270 000CFA","Dakar Plateau, Dakar, Sénégal","https://images.coinafrique.com/thumb_4642742_uploaded_image1_1710476161.jpg"
"1767366944-248","https://sn.coinafrique.com/categorie/autres-animaux?page=2","Cage avec 3  oiseaux","60 000CFA","Dakar, Sénégal","https://images.coinafrique.com/thumb_4640165_uploaded_image1_1710330525.jpg"
"1767366944-249","https://sn.coinafrique.com/categorie/autres-animaux?page=2","Chaton Hymalayen Persan","270 000CFA","Dakar Plateau, Dakar, Sénégal","https://images.coinafrique.com/thumb_4639205_uploaded_image1_1710275204.jpg"
"1767366944-250","https://sn.coinafrique.com/categorie/autres-animaux?page=2","Chat Brittish Shorthair","700 000CFA","Dakar Plateau, Dakar, Sénégal","https://images.coinafrique.com/thumb_4629619_uploaded_image1_1709768692.jpg"
"1767366944-251","https://sn.coinafrique.com/categorie/autres-animaux?page=2","Chat Persan Chinchilla","400 000CFA","Dakar Plateau, Dakar, Sénégal","https://images.coinafrique.com/thumb_4623023_uploaded_image1_1709471973.jpg"
"1767366944-252","https://sn.coinafrique.com/categorie/autres-animaux?page=2","Poussins de canards","3 000CFA","Guediawaye, Dakar, Sénégal","https://images.coinafrique.com/thumb_4619825_uploaded_image1_1709296934.jpg"
"1767366949-253","https://sn.coinafrique.com/categorie/autres-animaux?page=1","Scottish Fold","720 000CFA","Point E, Dakar, Sénégal","https://images.coinafrique.com/thumb_5673757_uploaded_image1_1765819078.jpg"
"1767366949-254","https://sn.coinafrique.com/categorie/autres-animaux?page=1","Chaton","750 000CFA","Point E, Dakar, Sénégal","https://images.coinafrique.com/thumb_5673754_uploaded_image1_1765818969.jpg"
"1767366949-255","https://sn.coinafrique.com/categorie/autres-animaux?page=1","Chaton Persan","650 000CFA","Point E, Dakar, Sénégal","https://images.coinafrique.com/thumb_5673747_uploaded_image1_1765818767.jpg"
"1767366949-256","https://sn.coinafrique.com/categorie/autres-animaux?page=1","British Long Hair Blue","750 000CFA","Point E, Dakar, Sénégal","https://images.coinafrique.com/thumb_5673744_uploaded_image1_1765818608.jpg"
"1767366949-257","https://sn.coinafrique.com/categorie/autres-animaux?page=1","Chaton","750 000CFA","Point E, Dakar, Sénégal","https://images.coinafrique.com/thumb_5673743_uploaded_image1_1765818498.jpg"
"1767366949-258","https://sn.coinafrique.com/categorie/autres-animaux?page=1","Auqarium 110 litre et couple de tortue","50 000CFA","Dakar Plateau, Dakar, Sénégal","https://images.coinafrique.com/thumb_5672207_uploaded_image1_1765734200.jpg"
"1767366949-259","https://sn.coinafrique.com/categorie/autres-animaux?page=1","Chatons","Prix sur demande","Almadies 2, Dakar, Sénégal","https://images.coinafrique.com/thumb_5671561_uploaded_image1_1765674851.jpg"
"1767366949-260","https://sn.coinafrique.com/categorie/autres-animaux?page=1","Perroquets rose gorge","40 000CFA","Point E, Dakar, Sénégal","https://images.coinafrique.com/thumb_5668046_uploaded_image1_1765474059.jpg"
"1767366949-261","https://sn.coinafrique.com/categorie/autres-animaux?page=1","Taureau","2 500 000CFA","Fatick, Sénégal","https://images.coinafrique.com/thumb_5634272_uploaded_image1_1763756384.jpg"
"1767366949-262","https://sn.coinafrique.com/categorie/autres-animaux?page=1","Bœuf","650CFA","Bambey, Sénégal","https://images.coinafrique.com/thumb_5632019_uploaded_image1_1763646437.jpg"
"1767366949-263","https://sn.coinafrique.com/categorie/autres-animaux?page=1","Bœuf","725CFA","Bambey, Sénégal","https://images.coinafrique.com/thumb_5632012_uploaded_image1_1763646301.jpg"
"1767366949-264","https://sn.coinafrique.com/categorie/autres-animaux?page=1","Vache","350 000CFA","Patte d'oie, Dakar, Sénégal","https://images.coinafrique.com/thumb_5587581_uploaded_image1_1761220550.jpg"
"1767366949-265","https://sn.coinafrique.com/categorie/autres-animaux?page=1","Bœufs","Prix sur demande","Pikine, Sénégal","https://images.coinafrique.com/thumb_5577776_uploaded_image1_1760656718.jpg"
"1767366949-266","https://sn.coinafrique.com/categorie/autres-animaux?page=1","Œuf à couver","Prix sur demande","Sicap foire, Dakar, Sénégal","https://images.coinafrique.com/thumb_5570463_uploaded_image1_1760280696.jpg"
"1767366949-267","https://sn.coinafrique.com/categorie/autres-animaux?page=1","Perroquets perruches ondulées","25 000CFA","Point E, Dakar, Sénégal","https://images.coinafrique.com/thumb_5560070_uploaded_image1_1759698099.jpg"
"1767366949-268","https://sn.coinafrique.com/categorie/autres-animaux?page=1","Pintades","Prix sur demande","Thies, Sénégal","https://images.coinafrique.com/thumb_5547215_uploaded_image1_1759069446.jpg"
"1767366949-269","https://sn.coinafrique.com/categorie/autres-animaux?page=1","Grand Bouc Hijazi","1 200CFA","Saint Louis, Sénégal","https://images.coinafrique.com/thumb_5547149_uploaded_image1_1759064910.jpg"
"1767366949-270","https://sn.coinafrique.com/categorie/autres-animaux?page=1","Chat Persan chinchilla","170 000CFA","Sicap Liberté, Dakar, Sénégal","https://images.coinafrique.com/thumb_5543922_uploaded_image1_1758835732.jpg"
"1767366949-271","https://sn.coinafrique.com/categorie/autres-animaux?page=1","Taureau métis d'insémination","2 500 000CFA","Fatick, Sénégal","https://images.coinafrique.com/thumb_5543760_uploaded_image1_1758829182.jpg"
"1767366949-272","https://sn.coinafrique.com/categorie/autres-animaux?page=1","Taureau métis","2 500 000CFA","Fatick, Sénégal","https://images.coinafrique.com/thumb_5538746_uploaded_image1_1758579115.jpg"
"1767366949-273","https://sn.coinafrique.com/categorie/autres-animaux?page=1","Angora turc-chat","Prix sur demande","Sicap Liberté, Dakar, Sénégal","https://images.coinafrique.com/thumb_5536029_uploaded_image1_1758435597.jpg"
"1767366949-274","https://sn.coinafrique.com/categorie/autres-animaux?page=1","Calopsite élégante","75 000CFA","Point E, Dakar, Sénégal","https://images.coinafrique.com/thumb_5530646_uploaded_image1_1758128661.jpg"
"1767366949-275","https://sn.coinafrique.com/categorie/autres-animaux?page=1","Chaton Chartreux","100 000CFA","Ouest Foire, Dakar, Sénégal","https://images.coinafrique.com/thumb_5523792_uploaded_image1_1757773181.jpg"
"1767366949-276","https://sn.coinafrique.com/categorie/autres-animaux?page=1","Oies toulouse","Prix sur demande","Fass, Dakar, Sénégal","https://images.coinafrique.com/thumb_5520138_uploaded_image1_1757590578.jpg"
"1767366949-277","https://sn.coinafrique.com/categorie/autres-animaux?page=1","Cailles et œufs de caille","3 000CFA","Guediawaye, Dakar, Sénégal","https://images.coinafrique.com/thumb_5514762_uploaded_image2_1757337112.jpeg"
"1767366949-278","https://sn.coinafrique.com/categorie/autres-animaux?page=1","Chats","Prix sur demande","Almadies, Dakar, Sénégal","https://images.coinafrique.com/thumb_5512934_uploaded_image1_1757238653.jpg"
"1767366949-279","https://sn.coinafrique.com/categorie/autres-animaux?page=1","Chat  siamois","Prix sur demande","Almadies, Dakar, Sénégal","https://images.coinafrique.com/thumb_5512930_uploaded_image1_1757238545.jpg"
"1767366949-280","https://sn.coinafrique.com/categorie/autres-animaux?page=1","Paon","Prix sur demande","Thies, Sénégal","https://images.coinafrique.com/thumb_5506967_uploaded_image2_1756912377.jpeg"
"1767366949-281","https://sn.coinafrique.com/categorie/autres-animaux?page=1","Chaton","35 000CFA","Mariste, Dakar, Sénégal","https://images.coinafrique.com/thumb_5504764_uploaded_image1_1756819478.jpg"
"1767366949-282","https://sn.coinafrique.com/categorie/autres-animaux?page=1","Oie","40 000CFA","Dakar, Sénégal","https://images.coinafrique.com/thumb_5499869_uploaded_image1_1756556464.jpg"
"1767366949-283","https://sn.coinafrique.com/categorie/autres-animaux?page=1","Lapin nain","Prix sur demande","Dieuppeul-Derklé, Dakar, Sénégal","https://images.coinafrique.com/thumb_5493761_uploaded_image1_1756214626.jpg"
"1767366949-284","https://sn.coinafrique.com/categorie/autres-animaux?page=1","Chat siamois","Prix sur demande","Almadies, Dakar, Sénégal","https://images.coinafrique.com/thumb_5485800_uploaded_image1_1755771580.jpg"
"1767366949-285","https://sn.coinafrique.com/categorie/autres-animaux?page=1","Chaton Ragdoll","950 000CFA","Dakar Plateau, Dakar, Sénégal","https://images.coinafrique.com/thumb_5482181_uploaded_image1_1755602298.jpg"
"1767366949-286","https://sn.coinafrique.com/categorie/autres-animaux?page=1","Boeuf","Prix sur demande","Niaga, Sénégal","https://images.coinafrique.com/thumb_5480837_uploaded_image1_1755523512.jpg"
"1767366949-287","https://sn.coinafrique.com/categorie/autres-animaux?page=1","Boeuf","Prix sur demande","Niaga, Sénégal","https://images.coinafrique.com/thumb_5480832_uploaded_image1_1755523426.jpg"
"1767366949-288","https://sn.coinafrique.com/categorie/autres-animaux?page=1","Vache","850 000CFA","Rufisque, Sénégal","https://images.coinafrique.com/thumb_5479568_uploaded_image1_1755445038.jpg"
"1767366949-289","https://sn.coinafrique.com/categorie/autres-animaux?page=1","Chaton Scottish","750 000CFA","Dakar Plateau, Dakar, Sénégal","https://images.coinafrique.com/thumb_5473342_uploaded_image1_1755076567.jpg"
"1767366949-290","https://sn.coinafrique.com/categorie/autres-animaux?page=1","Chaton persan","400 000CFA","Dakar Plateau, Dakar, Sénégal","https://images.coinafrique.com/thumb_5473339_uploaded_image1_1755076399.jpg"
"1767366949-291","https://sn.coinafrique.com/categorie/autres-animaux?page=1","Perroquets","60 000CFA","Point E, Dakar, Sénégal","https://images.coinafrique.com/thumb_5462432_uploaded_image1_1754495711.jpg"
"1767366949-292","https://sn.coinafrique.com/categorie/autres-animaux?page=1","Bœuf","Prix sur demande","Niaga, Sénégal","https://images.coinafrique.com/thumb_5454263_uploaded_image1_1754080085.jpg"
"1767366949-293","https://sn.coinafrique.com/categorie/autres-animaux?page=1","Bœufs","550CFA","Bambey, Sénégal","https://images.coinafrique.com/thumb_5452011_uploaded_image1_1753984227.jpg"
"1767366949-294","https://sn.coinafrique.com/categorie/autres-animaux?page=1","Bœufs","650CFA","Bambey, Sénégal","https://images.coinafrique.com/thumb_5452005_uploaded_image1_1753984088.jpg"
"1767366949-295","https://sn.coinafrique.com/categorie/autres-animaux?page=1","Poulet et dinde","Prix sur demande","Thies, Sénégal","https://images.coinafrique.com/thumb_5441026_uploaded_image1_1753445528.jpg"
"1767366949-296","https://sn.coinafrique.com/categorie/autres-animaux?page=1","Bœuf","650CFA","Bambey, Sénégal","https://images.coinafrique.com/thumb_5437295_uploaded_image1_1753284704.jpg"
"1767366949-297","https://sn.coinafrique.com/categorie/autres-animaux?page=1","Chat Siamois","250 000CFA","HLM, Dakar, Sénégal","https://images.coinafrique.com/thumb_5435961_uploaded_image1_1753216346.jpg"
"1767366949-298","https://sn.coinafrique.com/categorie/autres-animaux?page=1","Taureau","Prix sur demande","Bambey, Sénégal","https://images.coinafrique.com/thumb_5427578_uploaded_image1_1752742760.jpg"
"1767366949-299","https://sn.coinafrique.com/categorie/autres-animaux?page=1","Chatons","200 000CFA","Dakar Plateau, Dakar, Sénégal","https://images.coinafrique.com/thumb_5426216_uploaded_image1_1752670435.jpg"
"1767366949-300","https://sn.coinafrique.com/categorie/autres-animaux?page=1","Tortue terrestre sulcata","Prix sur demande","Dakar, Sénégal","https://images.coinafrique.com/thumb_5422356_uploaded_image1_1752488553.jpg"
"1767366949-301","https://sn.coinafrique.com/categorie/autres-animaux?page=1","Hamster","15 000CFA","Dakar, Sénégal","https://images.coinafrique.com/thumb_5422322_uploaded_image1_1752487140.jpg"
"1767366949-302","https://sn.coinafrique.com/categorie/autres-animaux?page=1","Taureaux","950 000CFA","Bambey, Sénégal","https://images.coinafrique.com/thumb_5419672_uploaded_image1_1752312673.jpg"
"1767366949-303","https://sn.coinafrique.com/categorie/autres-animaux?page=1","Bœuf","625CFA","Dakar, Sénégal","https://images.coinafrique.com/thumb_5401469_uploaded_image1_1751406897.jpg"
"1767366949-304","https://sn.coinafrique.com/categorie/autres-animaux?page=1","Dindons et dindes","Prix sur demande","Thies, Sénégal","https://images.coinafrique.com/thumb_5374129_uploaded_image1_1749898688.jpg"
"1767366949-305","https://sn.coinafrique.com/categorie/autres-animaux?page=1","Poisson Aquarium","7 500CFA","Dakar, Sénégal","https://images.coinafrique.com/thumb_5370855_uploaded_image1_1749722665.jpg"
"1767366949-306","https://sn.coinafrique.com/categorie/autres-animaux?page=1","Veau","6 500 000CFA","Sicap Liberté, Dakar, Sénégal","https://images.coinafrique.com/thumb_5363603_uploaded_image1_1749256640.jpg"
"1767366949-307","https://sn.coinafrique.com/categorie/autres-animaux?page=1","Dinde","30 000CFA","Thies, Sénégal","https://images.coinafrique.com/thumb_5350940_uploaded_image1_1748524952.jpg"
"1767366949-308","https://sn.coinafrique.com/categorie/autres-animaux?page=1","Bouc","80 000CFA","Keur Massar, Sénégal","https://images.coinafrique.com/thumb_5350345_uploaded_image1_1748476176.jpg"
"1767366949-309","https://sn.coinafrique.com/categorie/autres-animaux?page=1","Chaton","350 000CFA","Dakar Plateau, Dakar, Sénégal","https://images.coinafrique.com/thumb_5344588_uploaded_image1_1748177635.jpg"
"1767366949-310","https://sn.coinafrique.com/categorie/autres-animaux?page=1","Chaton Angora turc","Prix sur demande","Point E, Dakar, Sénégal","https://images.coinafrique.com/thumb_5341379_uploaded_image1_1747965234.jpg"
"1767366949-311","https://sn.coinafrique.com/categorie/autres-animaux?page=1","Chatons","200 000CFA","Dakar Plateau, Dakar, Sénégal","https://images.coinafrique.com/thumb_5330509_uploaded_image1_1747360436.jpg"
"1767366949-312","https://sn.coinafrique.com/categorie/autres-animaux?page=1","Perroquet Rose Gorge","50 000CFA","Point E, Dakar, Sénégal","https://images.coinafrique.com/thumb_5329928_uploaded_image1_1747330648.jpg"
"1767366949-313","https://sn.coinafrique.com/categorie/autres-animaux?page=1","Cailles","Prix sur demande","Thies, Sénégal","https://images.coinafrique.com/thumb_5321576_uploaded_image1_1746893786.jpg"
"1767366949-314","https://sn.coinafrique.com/categorie/autres-animaux?page=1","Boeuf","350 000CFA","Bambey, Sénégal","https://images.coinafrique.com/thumb_5317378_uploaded_image1_1746698849.jpg"
"1767366949-315","https://sn.coinafrique.com/categorie/autres-animaux?page=1","Chèvre race ndama","350 000CFA","Rufisque, Sénégal","https://images.coinafrique.com/thumb_5315130_uploaded_image1_1746566615.jpg"
"1767366949-316","https://sn.coinafrique.com/categorie/autres-animaux?page=1","Vaches","325CFA","Bambey, Sénégal","https://images.coinafrique.com/thumb_5308237_uploaded_image1_1746189283.jpg"
"1767366949-317","https://sn.coinafrique.com/categorie/autres-animaux?page=1","Canards","7 000CFA","Hann Bel-Air, Dakar, Sénégal","https://images.coinafrique.com/thumb_5300877_uploaded_image1_1745779858.jpg"
"1767366949-318","https://sn.coinafrique.com/categorie/autres-animaux?page=1","Cheval","Prix sur demande","Ouakam, Dakar, Sénégal","https://images.coinafrique.com/thumb_5300026_uploaded_image1_1745701177.jpg"
"1767366949-319","https://sn.coinafrique.com/categorie/autres-animaux?page=1","Chat Persan","450 000CFA","Point E, Dakar, Sénégal","https://images.coinafrique.com/thumb_5297087_uploaded_image1_1745527617.jpg"
"1767366949-320","https://sn.coinafrique.com/categorie/autres-animaux?page=1","Couple pintades adultes","35 000CFA","Sicap foire, Dakar, Sénégal","https://images.coinafrique.com/thumb_5295025_uploaded_image1_1745431940.jpg"
"1767366949-321","https://sn.coinafrique.com/categorie/autres-animaux?page=1","Chaton","375 000CFA","Fann, Dakar, Sénégal","https://images.coinafrique.com/thumb_5278827_uploaded_image1_1744477884.jpg"
"1767366949-322","https://sn.coinafrique.com/categorie/autres-animaux?page=1","Chatons Siamois","150 000CFA","Ngor, Dakar, Sénégal","https://images.coinafrique.com/thumb_5275205_uploaded_image1_1744282516.jpg"
"1767366949-323","https://sn.coinafrique.com/categorie/autres-animaux?page=1","Vaches Montbéliarde","900CFA","Bambey, Sénégal","https://images.coinafrique.com/thumb_5262041_uploaded_image1_1743610261.jpg"
"1767366949-324","https://sn.coinafrique.com/categorie/autres-animaux?page=1","Perroquets","60 000CFA","Point E, Dakar, Sénégal","https://images.coinafrique.com/thumb_5237101_uploaded_image1_1742244549.jpg"
"1767366949-325","https://sn.coinafrique.com/categorie/autres-animaux?page=1","Chaton Scottish","500 000CFA","Fann, Dakar, Sénégal","https://images.coinafrique.com/thumb_5234859_uploaded_image1_1742137563.jpg"
"1767366949-326","https://sn.coinafrique.com/categorie/autres-animaux?page=1","Boeuf","Prix sur demande","Niaga, Sénégal","https://images.coinafrique.com/thumb_5231174_uploaded_image1_1741913580.jpg"
"1767366949-327","https://sn.coinafrique.com/categorie/autres-animaux?page=1","Perroquet","60 000CFA","Point E, Dakar, Sénégal","https://images.coinafrique.com/thumb_5214349_uploaded_image1_1741104524.jpg"
"1767366949-328","https://sn.coinafrique.com/categorie/autres-animaux?page=1","Chaton Angora","210 000CFA","Sacré-Coeur, Dakar, Sénégal","https://images.coinafrique.com/thumb_5213818_uploaded_image1_1741086286.jpg"
"1767366949-329","https://sn.coinafrique.com/categorie/autres-animaux?page=1","Boeuf","550CFA","Niaga, Sénégal","https://images.coinafrique.com/thumb_5205943_uploaded_image1_1740671058.jpg"
"1767366949-330","https://sn.coinafrique.com/categorie/autres-animaux?page=1","Hamster","15 000CFA","Almadies 2, Dakar, Sénégal","https://images.coinafrique.com/thumb_5189132_uploaded_image1_1739782582.jpg"
"1767366949-331","https://sn.coinafrique.com/categorie/autres-animaux?page=1","Canards mâles et femelles","Prix sur demande","Thies, Sénégal","https://images.coinafrique.com/thumb_5185900_uploaded_image1_1739544627.jpg"
"1767366949-332","https://sn.coinafrique.com/categorie/autres-animaux?page=1","Caille","15 000CFA","Keur Massar, Sénégal","https://images.coinafrique.com/thumb_5182728_uploaded_image1_1739380241.jpg"
"1767366949-333","https://sn.coinafrique.com/categorie/autres-animaux?page=1","Boeuf","Prix sur demande","Niaga, Sénégal","https://images.coinafrique.com/thumb_5179428_uploaded_image1_1739207935.jpg"
"1767366949-334","https://sn.coinafrique.com/categorie/autres-animaux?page=1","Perroquet perruches ondulées","20 000CFA","Point E, Dakar, Sénégal","https://images.coinafrique.com/thumb_5138284_uploaded_image1_1737038687.jpg"
"1767366949-335","https://sn.coinafrique.com/categorie/autres-animaux?page=1","Perroquets","15 000CFA","Thies, Sénégal","https://images.coinafrique.com/thumb_5125396_uploaded_image1_1736351628.jpg"
"1767366949-336","https://sn.coinafrique.com/categorie/autres-animaux?page=1","Perruches ondulées","20 000CFA","Point E, Dakar, Sénégal","https://images.coinafrique.com/thumb_5103176_uploaded_image1_1734884464.jpg"
